<?xml version="1.0" encoding="UTF-8" standalone="yes"?>
<addon id="plugin.video.vodmx"
       name="[COLOR deeppink]VODMX[/COLOR]"
       version="4.1.3"
       provider-name="VODMX Team">
  <requires>
    <import addon="xbmc.python" version="3.0.0"/>
    <import addon="script.module.beautifulsoup4" />
    <import addon="script.module.requests" />
    <import addon="script.module.httplib2" />
    <import addon="script.module.youtube.dl" optional="true"/>
    <import addon="script.module.urlresolver" />
    <import addon="script.module.simplejson" />         
     <import addon="script.module.clouddrive.common"/>
  </requires>
  <extension point="xbmc.python.pluginsource" library="default.py">
    <provides>video</provides>
  </extension>
  <extension point="xbmc.addon.metadata">
    <summary>VODMX es un addon con contenido en latino. Visita nuestro sitio http://vodmx.tv y únete a nuestro grupo en telegram https://t.me/vodmx.</summary>
    <description>
        Gracias a todos por su preferencia, si deseas que el addon siga en funcinamiento apóyanos con donaciones en http://paypal.me/vodmx. Este addon es para [Kodi 19 Matrix]
    </description>
    <platform>all</platform>
      <assets>
    <icon>icon.png</icon>
    <fanart>fanart.jpg</fanart>
  </assets>
  </extension>
</addon>
