<?xml version="1.0" encoding="UTF-8" standalone="yes"?>
<addon id="plugin.video.vodmx"
       name="[COLOR deeppink]VODMX[/COLOR]"
       version="4.0.0"
       provider-name="VODMX Team">
  <requires>
    <import addon="xbmc.python" version="2.1.0"/>
    <import addon="script.module.beautifulsoup" version="3.2.1"/>
    <import addon="script.module.simple.downloader" version="0.9.4"/>
    <import addon="script.module.beautifulsoup4" />
    <import addon="script.module.requests" />
    <import addon="script.module.httplib2" />
    <import addon="script.module.liveresolver" version="0.1.24" optional="true"/>
    <import addon="script.module.youtube.dl" optional="true"/>
    <import addon="script.module.urlresolver" version="4.0.0"/>
    <import addon="script.module.simplejson" />    
     <import addon="script.module.livestreamer" optional="true"/>
     <import addon="script.module.pyamf" optional="true"/>
     <import addon="script.module.clouddrive.common" version="1.2.15"/>
  </requires>
  <extension point="xbmc.python.pluginsource" library="default.py">
    <provides>video</provides>
  </extension>


  <extension point="xbmc.addon.metadata">
    <summary>VODMX es un addon con contenido en latino. Visita nuestro sitio http://vodmx.tv y únete a nuestro grupo en telegram https://t.me/VODmx.</summary>
    <description>
        Gracias a todos por su preferencia, si deseas que el addon siga en funcinamiento apóyanos con donaciones en http://paypal.me/vodmx.
    </description>
    <platform>all</platform>
      <assets>
    <icon>icon.png</icon>
    <fanart>fanart.jpg</fanart>
  </assets>
  </extension>
</addon>
